Aeon,,
Apollo,ApolloFL,
Azzy,AzzySSB,
Blackrose,blackrose128tv,
Dawangthang,Dawangthang,
Duelist,JuicyDuelist,Juicy
GDX,GameDragonX,
Gogo,,
Keyboardhead,,
King Will,,
Milk,Milk_Dab,
Noe,,
Oaty,ProbablyOaty,
Pheonix,,
Plup,PG_Plup,PG
Sigh,NiceGuySigh,
Steele,ManOfSteelez,
Moses,DoTheMoses,Polarity
